what,kind,bundleId,bundleVersion,description,time
activated,perspective,org.eclipse.jst.j2ee.ui,,"org.eclipse.jst.j2ee.J2EEPerspective",1350341457192
started,bundle,org.eclipse.osgi,3.7.1.R37x_v20110808-1106,"org.eclipse.osgi",1350341457195
started,bundle,org.eclipse.core.runtime.compatibility,3.2.100.v20100505,"org.eclipse.core.runtime.compatibility",1350341457196
started,bundle,org.eclipse.jst.j2ee.webservice,1.1.400.v201004110600,"org.eclipse.jst.j2ee.webservice",1350341457198
started,bundle,org.eclipse.jst.ws.jaxws.utils,1.0.0.v201004171919,"org.eclipse.jst.ws.jaxws.utils",1350341457199
started,bundle,org.eclipse.update.configurator,3.3.100.v20100512,"org.eclipse.update.configurator",1350341457201
started,bundle,org.eclipse.update.scheduler,3.2.300.v20100512,"org.eclipse.update.scheduler",1350341457202
started,bundle,org.springframework.ide.eclipse.aop.core,2.6.0.201103160035-RELEASE,"org.springframework.ide.eclipse.aop.core",1350341457204
started,bundle,org.springframework.ide.eclipse.aop.ui,2.6.0.201103160035-RELEASE,"org.springframework.ide.eclipse.aop.ui",1350341457206
started,bundle,org.springframework.ide.eclipse.beans.core,2.6.0.201103160035-RELEASE,"org.springframework.ide.eclipse.beans.core",1350341457208
started,bundle,org.springframework.ide.eclipse.beans.ui,2.6.0.201103160035-RELEASE,"org.springframework.ide.eclipse.beans.ui",1350341457210
started,bundle,org.springframework.ide.eclipse.core,2.6.0.201103160035-RELEASE,"org.springframework.ide.eclipse.core",1350341457211
started,bundle,org.springframework.ide.eclipse.uaa,2.6.0.201103160035-RELEASE,"org.springframework.ide.eclipse.uaa",1350341457212
started,bundle,org.springframework.ide.eclipse.ui,2.6.0.201103160035-RELEASE,"org.springframework.ide.eclipse.ui",1350341457256
started,bundle,com.atlassian.connector.eclipse.bamboo.core,3.0.0.v20110210,"com.atlassian.connector.eclipse.bamboo.core",1350341457256
started,bundle,com.atlassian.connector.eclipse.bamboo.ui,3.0.0.v20110210,"com.atlassian.connector.eclipse.bamboo.ui",1350341457256
started,bundle,com.atlassian.connector.eclipse.branding.ui,3.0.0.v20110210,"com.atlassian.connector.eclipse.branding.ui",1350341457256
started,bundle,com.atlassian.connector.eclipse.commons.ui,3.0.0.v20110210,"com.atlassian.connector.eclipse.commons.ui",1350341457257
started,bundle,com.atlassian.connector.eclipse.core,3.0.0.v20110210,"com.atlassian.connector.eclipse.core",1350341457257
started,bundle,com.atlassian.connector.eclipse.directclickthrough.ui,3.0.0.v20110210,"com.atlassian.connector.eclipse.directclickthrough.ui",1350341457257
started,bundle,com.atlassian.connector.eclipse.jira.core,3.0.0.v20110210,"com.atlassian.connector.eclipse.jira.core",1350341457257
started,bundle,com.atlassian.connector.eclipse.jira.ui,3.0.0.v20110210,"com.atlassian.connector.eclipse.jira.ui",1350341457257
started,bundle,com.atlassian.connector.eclipse.monitor.ui,3.0.0.v20110210,"com.atlassian.connector.eclipse.monitor.ui",1350341457258
started,bundle,org.eclipse.mylyn.bugzilla.core,3.6.4.v20111106-0100,"org.eclipse.mylyn.bugzilla.core",1350341457259
started,bundle,org.eclipse.mylyn.bugzilla.ui,3.6.0.v20110608-1400,"org.eclipse.mylyn.bugzilla.ui",1350341457260
started,bundle,org.eclipse.mylyn.commons.identity,0.8.0.v20110608-1400,"org.eclipse.mylyn.commons.identity",1350341457260
started,bundle,org.eclipse.mylyn.commons.net,3.6.0.v20110608-1400,"org.eclipse.mylyn.commons.net",1350341457260
started,bundle,org.eclipse.mylyn.commons.ui,3.6.1.v20110720-0100,"org.eclipse.mylyn.commons.ui",1350341457261
started,bundle,org.eclipse.mylyn.context.core,3.6.1.v20110720-0100,"org.eclipse.mylyn.context.core",1350341457262
started,bundle,org.eclipse.mylyn.context.ui,3.6.0.v20110608-1400,"org.eclipse.mylyn.context.ui",1350341457263
started,bundle,org.eclipse.mylyn.monitor.ui,3.6.0.v20110608-1400,"org.eclipse.mylyn.monitor.ui",1350341457264
started,bundle,org.eclipse.mylyn.tasks.ui,3.6.4.v20111117-0100,"org.eclipse.mylyn.tasks.ui",1350341457265
started,bundle,org.eclipse.mylyn.team.ui,3.6.1.v20110825-0100,"org.eclipse.mylyn.team.ui",1350341457266
started,bundle,org.maven.ide.eclipse.authentication,1.1.7.201105091728,"org.maven.ide.eclipse.authentication",1350341457266
started,bundle,org.sonatype.m2e.hudson.ui,0.13.0.201105100720,"org.sonatype.m2e.hudson.ui",1350341457267
started,bundle,org.eclipse.equinox.simpleconfigurator,1.0.200.v20110502-1955,"org.eclipse.equinox.simpleconfigurator",1350341457267
started,bundle,com.ibm.icu,4.4.2.v20110208,"com.ibm.icu",1350341457268
started,bundle,org.eclipse.compare,3.5.201.R37x_v20110817-0800,"org.eclipse.compare",1350341457269
started,bundle,org.eclipse.compare.core,3.5.200.I20110208-0800,"org.eclipse.compare.core",1350341457269
started,bundle,org.eclipse.core.contenttype,3.4.100.v20110423-0524,"org.eclipse.core.contenttype",1350341457270
started,bundle,org.eclipse.core.databinding.observable,1.4.0.I20110222-0800,"org.eclipse.core.databinding.observable",1350341457271
started,bundle,org.eclipse.core.expressions,3.4.300.v20110228,"org.eclipse.core.expressions",1350341457272
started,bundle,org.eclipse.core.filebuffers,3.5.200.v20110505-0800,"org.eclipse.core.filebuffers",1350341457272
started,bundle,org.eclipse.core.filesystem,1.3.100.v20110423-0524,"org.eclipse.core.filesystem",1350341457273
started,bundle,org.eclipse.core.jobs,3.5.100.v20110404,"org.eclipse.core.jobs",1350341457273
started,bundle,org.eclipse.core.net,1.2.100.I20110511-0800,"org.eclipse.core.net",1350341457274
started,bundle,org.eclipse.core.resources,3.7.100.v20110510-0712,"org.eclipse.core.resources",1350341457275
started,bundle,org.eclipse.core.runtime,3.7.0.v20110110,"org.eclipse.core.runtime",1350341457275
started,bundle,org.eclipse.core.runtime.compatibility.auth,3.2.200.v20110110,"org.eclipse.core.runtime.compatibility.auth",1350341457275
started,bundle,org.eclipse.epp.mpc.ui,1.1.1.I20110907-0947,"org.eclipse.epp.mpc.ui",1350341457276
started,bundle,org.eclipse.epp.usagedata.gathering,1.3.1.R201106061540,"org.eclipse.epp.usagedata.gathering",1350341457276
started,bundle,org.eclipse.epp.usagedata.recording,1.3.1.R201106061540,"org.eclipse.epp.usagedata.recording",1350341457276
started,bundle,org.eclipse.equinox.app,1.3.100.v20110321,"org.eclipse.equinox.app",1350341457277
started,bundle,org.eclipse.equinox.common,3.6.0.v20110523,"org.eclipse.equinox.common",1350341457277
started,bundle,org.eclipse.equinox.ds,1.3.1.R37x_v20110701,"org.eclipse.equinox.ds",1350341457278
started,bundle,org.eclipse.equinox.event,1.2.100.v20110502,"org.eclipse.equinox.event",1350341457278
started,bundle,org.eclipse.equinox.p2.core,2.1.0.v20110502-1955,"org.eclipse.equinox.p2.core",1350341457279
started,bundle,org.eclipse.equinox.p2.directorywatcher,1.0.300.v20110502-1955,"org.eclipse.equinox.p2.directorywatcher",1350341457279
started,bundle,org.eclipse.equinox.p2.engine,2.1.0.v20110511,"org.eclipse.equinox.p2.engine",1350341457279
started,bundle,org.eclipse.equinox.p2.metadata,2.1.0.v20110510,"org.eclipse.equinox.p2.metadata",1350341457280
started,bundle,org.eclipse.equinox.p2.metadata.repository,1.2.0.v20110511-1359,"org.eclipse.equinox.p2.metadata.repository",1350341457280
started,bundle,org.eclipse.equinox.p2.operations,2.1.0.v20110511-1821,"org.eclipse.equinox.p2.operations",1350341457281
started,bundle,org.eclipse.equinox.p2.reconciler.dropins,1.1.100.v20110510,"org.eclipse.equinox.p2.reconciler.dropins",1350341457281
started,bundle,org.eclipse.equinox.p2.repository,2.1.0.v20110601,"org.eclipse.equinox.p2.repository",1350341457281
started,bundle,org.eclipse.equinox.p2.ui.sdk.scheduler,1.0.100.v20110502-1955,"org.eclipse.equinox.p2.ui.sdk.scheduler",1350341457282
started,bundle,org.eclipse.equinox.p2.updatechecker,1.1.200.v20110502-1955,"org.eclipse.equinox.p2.updatechecker",1350341457282
started,bundle,org.eclipse.equinox.preferences,3.4.1.R37x_v20110725,"org.eclipse.equinox.preferences",1350341457283
started,bundle,org.eclipse.equinox.registry,3.5.101.R37x_v20110810-1611,"org.eclipse.equinox.registry",1350341457283
started,bundle,org.eclipse.equinox.security,1.1.1.R37x_v20110822-1018,"org.eclipse.equinox.security",1350341457283
started,bundle,org.eclipse.equinox.util,1.0.300.v20110502,"org.eclipse.equinox.util",1350341457284
started,bundle,org.eclipse.help,3.5.100.v20110426,"org.eclipse.help",1350341457284
started,bundle,org.eclipse.jdt.core,3.7.1.v_B76_R37x,"org.eclipse.jdt.core",1350341457285
started,bundle,org.eclipse.jdt.core.manipulation,1.4.0.v20110505-0800,"org.eclipse.jdt.core.manipulation",1350341457285
started,bundle,org.eclipse.jdt.ui,3.7.1.r371_v20110824-0800,"org.eclipse.jdt.ui",1350341457287
started,bundle,org.eclipse.jem.util,2.1.100.v201103021400,"org.eclipse.jem.util",1350341457288
started,bundle,org.eclipse.jface,3.7.0.I20110522-1430,"org.eclipse.jface",1350341457288
started,bundle,org.eclipse.jsch.core,1.1.300.I20110514-0800,"org.eclipse.jsch.core",1350341457288
started,bundle,org.eclipse.jst.j2ee.ui,1.1.501.v201108231700,"org.eclipse.jst.j2ee.ui",1350341457289
started,bundle,org.eclipse.jst.j2ee.webservice.ui,1.1.500.v201105122000,"org.eclipse.jst.j2ee.webservice.ui",1350341457289
started,bundle,org.eclipse.search,3.7.0.v20110505-0800,"org.eclipse.search",1350341457290
started,bundle,org.eclipse.team.core,3.6.0.I20110525-0800,"org.eclipse.team.core",1350341457290
started,bundle,org.eclipse.team.cvs.core,3.3.400.I20110510-0800,"org.eclipse.team.cvs.core",1350341457291
started,bundle,org.eclipse.team.cvs.ui,3.3.400.I20110510-0800,"org.eclipse.team.cvs.ui",1350341457292
started,bundle,org.eclipse.team.ui,3.6.100.I20110525-0800,"org.eclipse.team.ui",1350341457292
started,bundle,org.eclipse.ui,3.7.0.I20110602-0100,"org.eclipse.ui",1350341457293
started,bundle,org.eclipse.ui.console,3.5.100.v20110511,"org.eclipse.ui.console",1350341457294
started,bundle,org.eclipse.ui.editors,3.7.0.v20110517-0800,"org.eclipse.ui.editors",1350341457294
started,bundle,org.eclipse.ui.forms,3.5.100.v20110425,"org.eclipse.ui.forms",1350341457295
started,bundle,org.eclipse.ui.ide,3.7.0.v20110809-1737,"org.eclipse.ui.ide",1350341457296
started,bundle,org.eclipse.ui.intro,3.4.100.v20110425,"org.eclipse.ui.intro",1350341457296
started,bundle,org.eclipse.ui.intro.universal,3.2.500.v20110510,"org.eclipse.ui.intro.universal",1350341457296
started,bundle,org.eclipse.ui.navigator,3.5.100.v20110809-2227,"org.eclipse.ui.navigator",1350341457297
started,bundle,org.eclipse.ui.navigator.resources,3.4.300.I20110421-1800,"org.eclipse.ui.navigator.resources",1350341457309
started,bundle,org.eclipse.ui.net,1.2.100.I20110511-0800,"org.eclipse.ui.net",1350341457309
started,bundle,org.eclipse.ui.views,3.6.0.I20110412-0800,"org.eclipse.ui.views",1350341457310
started,bundle,org.eclipse.ui.workbench,3.7.0.I20110519-0100,"org.eclipse.ui.workbench",1350341457311
started,bundle,org.eclipse.ui.workbench.texteditor,3.7.0.v20110505-0800,"org.eclipse.ui.workbench.texteditor",1350341457311
started,bundle,org.eclipse.update.core,3.2.500.v20110330,"org.eclipse.update.core",1350341457312
started,bundle,org.eclipse.wst.common.emf,1.2.100.v201101101900,"org.eclipse.wst.common.emf",1350341457312
started,bundle,org.eclipse.wst.common.emfworkbench.integration,1.2.101.v201107140600,"org.eclipse.wst.common.emfworkbench.integration",1350341457313
started,bundle,org.eclipse.wst.common.frameworks,1.2.101.v201107192200,"org.eclipse.wst.common.frameworks",1350341457313
started,bundle,org.eclipse.wst.common.project.facet.core,1.4.200.v201103170332,"org.eclipse.wst.common.project.facet.core",1350341457313
started,bundle,org.eclipse.wst.web,1.1.500.v201104251400,"org.eclipse.wst.web",1350341457314
started,bundle,com.eviware.soapui.eclipse,4.0.1,"com.eviware.soapui.eclipse",1350341457355
started,bundle,org.eclipse.mylyn.builds.ui,0.8.1.v20110812-0100,"org.eclipse.mylyn.builds.ui",1350341457355
started,bundle,com.collabnet.subversion.merge,3.0.5,"com.collabnet.subversion.merge",1350341457356
started,bundle,org.tigris.subversion.clientadapter,1.8.0,"org.tigris.subversion.clientadapter",1350341457356
started,bundle,org.tigris.subversion.subclipse.core,1.8.4,"org.tigris.subversion.subclipse.core",1350341457357
started,bundle,org.tigris.subversion.subclipse.mylyn,3.0.0,"org.tigris.subversion.subclipse.mylyn",1350341457357
started,bundle,org.tigris.subversion.subclipse.tools.usage,1.1.0,"org.tigris.subversion.subclipse.tools.usage",1350341457357
started,bundle,org.tigris.subversion.subclipse.ui,1.8.4,"org.tigris.subversion.subclipse.ui",1350341457358
started,bundle,org.eclipse.emf.common,2.8.0.v20120911-0500,"org.eclipse.emf.common",1350341457359
started,bundle,org.eclipse.emf.common.ui,2.7.0.v20120917-0436,"org.eclipse.emf.common.ui",1350341457372
started,bundle,org.eclipse.emf.ecore,2.8.1.v20120911-0500,"org.eclipse.emf.ecore",1350341457373
started,bundle,org.eclipse.emf.ecore.xmi,2.8.0.v20120911-0500,"org.eclipse.emf.ecore.xmi",1350341457373
started,bundle,org.eclipse.emf.edit,2.8.0.v20120917-0436,"org.eclipse.emf.edit",1350341457388
started,bundle,org.eclipse.emf.edit.ui,2.8.0.v20120917-0436,"org.eclipse.emf.edit.ui",1350341457397
started,bundle,org.jboss.tools.usage,1.1.0.v20120715-0228-H72-Final,"org.jboss.tools.usage",1350341457398
started,bundle,org.eclipse.egit.core,2.1.0.201209190230-r,"org.eclipse.egit.core",1350341457405
started,bundle,org.eclipse.egit.ui,2.1.0.201209190230-r,"org.eclipse.egit.ui",1350341457432
started,bundle,org.eclipse.jgit,2.1.0.201209190230-r,"org.eclipse.jgit",1350341457433
os,sysinfo,,,"win32",1350341457436
arch,sysinfo,,,"x86_64",1350341457436
ws,sysinfo,,,"win32",1350341457436
locale,sysinfo,,,"es_AR",1350341457436
processors,sysinfo,,,"4",1350341457436
java.runtime.name,sysinfo,,,"Java(TM) SE Runtime Environment",1350341457436
java.runtime.version,sysinfo,,,"1.6.0_35-b10",1350341457436
java.specification.name,sysinfo,,,"Java Platform API Specification",1350341457436
java.specification.vendor,sysinfo,,,"Sun Microsystems Inc.",1350341457436
java.specification.version,sysinfo,,,"1.6",1350341457436
java.vendor,sysinfo,,,"Sun Microsystems Inc.",1350341457436
java.version,sysinfo,,,"1.6.0_35",1350341457436
java.vm.info,sysinfo,,,"mixed mode",1350341457436
java.vm.name,sysinfo,,,"Java HotSpot(TM) 64-Bit Server VM",1350341457436
java.vm.specification.name,sysinfo,,,"Java Virtual Machine Specification",1350341457436
java.vm.specification.vendor,sysinfo,,,"Sun Microsystems Inc.",1350341457436
java.vm.specification.version,sysinfo,,,"1.0",1350341457436
java.vm.vendor,sysinfo,,,"Sun Microsystems Inc.",1350341457436
java.vm.version,sysinfo,,,"20.10-b01",1350341457436
started,bundle,org.eclipse.jst.common.project.facet.core,1.4.200.v201103170302,"org.eclipse.jst.common.project.facet.core",1350341457591
started,bundle,org.eclipse.jst.ws.jaxrs.core,1.0.301.v201108240656,"org.eclipse.jst.ws.jaxrs.core",1350341457609
activated,workbench,org.eclipse.ui.workbench,3.7.0.I20110519-0100,"",1350341459143
started,bundle,org.eclipse.wst.server.core,1.1.303.v20110816_1717,"org.eclipse.wst.server.core",1350341460374
activated,view,org.eclipse.ui.navigator.resources,3.4.300.I20110421-1800,"org.eclipse.ui.navigator.ProjectExplorer",1350341460904
activated,view,org.eclipse.ui.navigator.resources,3.4.300.I20110421-1800,"org.eclipse.ui.navigator.ProjectExplorer",1350341460915
closed,view,org.eclipse.ui,3.7.0.I20110602-0100,"org.eclipse.ui.internal.introview",1350341460942
started,bundle,org.eclipse.wst.server.ui,1.1.306.v20110823_1704,"org.eclipse.wst.server.ui",1350341461328
deactivated,workbench,org.eclipse.ui.workbench,3.7.0.I20110519-0100,"",1350341466895
started,bundle,org.eclipse.wst.sse.core,1.1.601.v201108151912,"org.eclipse.wst.sse.core",1350341475833
started,bundle,org.maven.ide.eclipse.maven_model_edit,0.12.1.20110112-1712,"org.maven.ide.eclipse.maven_model_edit",1350341475900
started,bundle,org.maven.ide.eclipse,0.12.1.20110112-1712,"org.maven.ide.eclipse",1350341475954
error,log,,,"Unable to update index for snapshots|http://vmtilcara.servers.despegar.it:8080/nexus/content/repositories/snapshots/",1350341494705
opened,view,org.eclipse.ui.console,3.5.100.v20110511,"org.eclipse.ui.console.ConsoleView",1350341494941
error,log,,,"Unable to update index for internal|http://vmtilcara.servers.despegar.it:8080/nexus/content/groups/public/",1350341510283
activated,workbench,org.eclipse.ui.workbench,3.7.0.I20110519-0100,"",1350341523874
executed,command,org.eclipse.ui,3.7.0.I20110602-0100,"org.eclipse.ui.file.import",1350341523892
executed,command,org.eclipse.ui,3.7.0.I20110602-0100,"org.eclipse.ui.file.import",1350341523894
started,bundle,org.eclipse.debug.core,3.7.0.v20110518,"org.eclipse.debug.core",1350341524920
started,bundle,org.maven.ide.eclipse.jdt,0.12.1.20110112-1712,"org.maven.ide.eclipse.jdt",1350341524960
started,bundle,org.eclipse.wst.common.core,1.2.0.v200908252030,"org.eclipse.wst.common.core",1350341525036
started,bundle,org.eclipse.wst.common.modulecore,1.2.101.v201108231700,"org.eclipse.wst.common.modulecore",1350341525040
started,bundle,org.eclipse.jst.j2ee.core,1.2.101.v201108110300,"org.eclipse.jst.j2ee.core",1350341525072
started,bundle,org.eclipse.jem,2.0.500.v201104271400,"org.eclipse.jem",1350341525089
started,bundle,org.eclipse.wst.common.frameworks.ui,1.2.100.v201105122000,"org.eclipse.wst.common.frameworks.ui",1350341525122
started,bundle,org.eclipse.wst.xml.core,1.1.601.v201108302147,"org.eclipse.wst.xml.core",1350341525149
started,bundle,org.eclipse.wst.validation,1.2.302.v201107140600,"org.eclipse.wst.validation",1350341525164
started,bundle,org.eclipse.jst.j2ee,1.1.501.v201108231845,"org.eclipse.jst.j2ee",1350341525198
started,bundle,org.eclipse.jst.common.frameworks,1.1.500.v201104081500,"org.eclipse.jst.common.frameworks",1350341525202
started,bundle,org.eclipse.jdt.launching,3.6.1.v20110803_r371,"org.eclipse.jdt.launching",1350341525258
started,bundle,org.eclipse.pde.core,3.7.1.v20110822-2108,"org.eclipse.pde.core",1350341527071
started,bundle,org.eclipse.wst.jsdt.core,1.1.101.v201108151912,"org.eclipse.wst.jsdt.core",1350341527167
started,bundle,org.eclipse.jem.workbench,2.0.400.v201104251400,"org.eclipse.jem.workbench",1350341527389
started,bundle,org.eclipse.jpt.common.core,1.0.1.v201108080010,"org.eclipse.jpt.common.core",1350341527508
started,bundle,org.eclipse.jpt.jpa.core,3.0.1.v201109073010,"org.eclipse.jpt.jpa.core",1350341527520
started,bundle,org.eclipse.wst.common.ui,1.1.500.v200911190730,"org.eclipse.wst.common.ui",1350341528219
started,bundle,org.eclipse.jst.jee.ui,1.0.400.v201105122000,"org.eclipse.jst.jee.ui",1350341528220
started,bundle,org.eclipse.jst.j2ee.navigator.ui,1.1.501.v201107261503,"org.eclipse.jst.j2ee.navigator.ui",1350341528221
started,bundle,org.eclipse.jst.j2ee.web,1.1.501.v201108231500,"org.eclipse.jst.j2ee.web",1350341528306
started,bundle,org.maven.ide.eclipse.wtp,0.12.0.20110421-1500,"org.maven.ide.eclipse.wtp",1350341528571
started,bundle,org.eclipse.jst.servlet.ui,1.1.501.v201108220630,"org.eclipse.jst.servlet.ui",1350341528763
started,bundle,org.eclipse.m2e.core,1.0.100.20110804-1717,"org.eclipse.m2e.core",1350341530305
started,bundle,org.eclipse.wst.common.uriresolver,1.1.401.v201004280700,"org.eclipse.wst.common.uriresolver",1350341530547
started,bundle,org.eclipse.wst.jsdt.manipulation,1.0.300.v201104272153,"org.eclipse.wst.jsdt.manipulation",1350341535663
started,bundle,org.eclipse.wst.jsdt.ui,1.1.101.v201108151912,"org.eclipse.wst.jsdt.ui",1350341535708
started,bundle,org.eclipse.pde.launching,3.6.0.v20110506,"org.eclipse.pde.launching",1350341541280
started,bundle,org.eclipse.ui.views.log,1.0.200.v20110404,"org.eclipse.ui.views.log",1350341541281
started,bundle,org.eclipse.pde.ui,3.6.100.v20110603,"org.eclipse.pde.ui",1350341541284
opened,view,org.eclipse.jdt.ui,3.7.1.r371_v20110824-0800,"org.eclipse.jdt.ui.PackageExplorer",1350341541341
opened,view,org.eclipse.ui.ide,3.7.0.v20110809-1737,"org.eclipse.ui.views.ProblemView",1350341541416
opened,view,org.eclipse.mylyn.tasks.ui,3.6.4.v20111117-0100,"org.eclipse.mylyn.tasks.ui.views.tasks",1350341541666
started,bundle,org.springframework.ide.eclipse.beans.core.metadata,2.6.0.201103160035-RELEASE,"org.springframework.ide.eclipse.beans.core.metadata",1350341541730
opened,view,org.springframework.ide.eclipse.ui,2.6.0.201103160035-RELEASE,"org.springframework.ide.eclipse.ui.navigator.springExplorer",1350341541750
activated,perspective,org.eclipse.jdt.ui,3.7.1.r371_v20110824-0800,"org.eclipse.jdt.ui.JavaPerspective",1350341541779
activated,view,org.eclipse.ui.views,3.6.0.I20110412-0800,"org.eclipse.ui.views.ContentOutline",1350341541790
executed,command,org.eclipse.ui,3.7.0.I20110602-0100,"org.eclipse.ui.perspectives.showPerspective",1350341541831
executed,command,org.eclipse.jdt.ui,3.7.1.r371_v20110824-0800,"org.eclipse.jdt.ui.JavaPerspective",1350341541831
activated,view,org.eclipse.jdt.ui,3.7.1.r371_v20110824-0800,"org.eclipse.jdt.ui.PackageExplorer",1350341543248
started,bundle,org.springframework.ide.eclipse.webflow.ui,2.6.0.201103160035-RELEASE,"org.springframework.ide.eclipse.webflow.ui",1350341544183
started,bundle,org.springframework.ide.eclipse.webflow.core,2.6.0.201103160035-RELEASE,"org.springframework.ide.eclipse.webflow.core",1350341544251
activated,view,org.eclipse.ui.ide,3.7.0.v20110809-1737,"org.eclipse.ui.views.ProblemView",1350341547838
activated,view,org.eclipse.jdt.ui,3.7.1.r371_v20110824-0800,"org.eclipse.jdt.ui.PackageExplorer",1350341566962
deactivated,workbench,org.eclipse.ui.workbench,3.7.0.I20110519-0100,"",1350341568292
started,bundle,org.eclipse.jst.ws.jaxws.dom.integration,1.0.100.v201101252155,"org.eclipse.jst.ws.jaxws.dom.integration",1350343639081
started,bundle,org.eclipse.jst.ws.jaxws.dom.ui,1.0.0.v201004171919,"org.eclipse.jst.ws.jaxws.dom.ui",1350343639089
started,bundle,org.eclipse.jst.jee.ejb,1.0.301.v201007070821,"org.eclipse.jst.jee.ejb",1350343639483
started,bundle,org.eclipse.jst.jee.web,1.0.301.v201007070907,"org.eclipse.jst.jee.web",1350343639492
started,bundle,org.eclipse.jst.j2ee.ejb,1.1.503.v201108102200,"org.eclipse.jst.j2ee.ejb",1350343639546
started,bundle,org.eclipse.jst.j2ee.jca,1.1.500.v201108102200,"org.eclipse.jst.j2ee.jca",1350343639555
started,bundle,org.eclipse.jst.jee,1.0.401.v201105122000,"org.eclipse.jst.jee",1350343639568
error,log,,,"Unable to configure PWI",1350343642286
started,bundle,org.eclipse.xsd,2.7.0.v20110606-0949,"org.eclipse.xsd",1350343642412
started,bundle,org.eclipse.equinox.p2.garbagecollector,1.0.200.v20110510,"org.eclipse.equinox.p2.garbagecollector",1350343644347
activated,workbench,org.eclipse.ui.workbench,3.7.0.I20110519-0100,"",1350343644995
started,bundle,org.tigris.subversion.clientadapter.javahl,1.7.2,"org.tigris.subversion.clientadapter.javahl",1350343645215
started,bundle,org.eclipse.jdt.apt.core,3.3.500.v20110420-1015,"org.eclipse.jdt.apt.core",1350343645667
started,bundle,org.eclipse.wst.dtd.core,1.1.501.v201107252021,"org.eclipse.wst.dtd.core",1350343646030
started,bundle,org.eclipse.wst.sse.ui,1.3.1.v201108191312,"org.eclipse.wst.sse.ui",1350343646049
started,bundle,org.eclipse.wst.html.ui,1.0.601.v201108152113,"org.eclipse.wst.html.ui",1350343646094
started,bundle,org.eclipse.jst.jsf.common,1.2.3.v201104061039,"org.eclipse.jst.jsf.common",1350343646196
started,bundle,org.eclipse.jst.jsf.core,1.3.105.v201108261005,"org.eclipse.jst.jsf.core",1350343646230
started,bundle,org.eclipse.jst.jsp.core,1.2.401.v201108302147,"org.eclipse.jst.jsp.core",1350343646361
started,bundle,org.eclipse.wst.wsdl.validation,1.1.502.v201104071820,"org.eclipse.wst.wsdl.validation",1350343646527
started,bundle,org.eclipse.wst.xsd.core,1.1.600.v201104070312,"org.eclipse.wst.xsd.core",1350343646545
started,bundle,org.eclipse.wst.xsl.core,1.1.100.v201102270516,"org.eclipse.wst.xsl.core",1350343646571
started,bundle,org.eclipse.jst.server.core,1.2.202.v20110419,"org.eclipse.jst.server.core",1350343646586
started,bundle,org.eclipse.wst.xsl.exslt.core,1.0.0.v201005240426,"org.eclipse.wst.xsl.exslt.core",1350343646784
started,bundle,org.eclipse.wst.internet.cache,1.0.400.v201004280700,"org.eclipse.wst.internet.cache",1350343646989
started,bundle,org.eclipse.wst.html.core,1.1.501.v201109080146,"org.eclipse.wst.html.core",1350343649218
started,bundle,org.eclipse.wst.css.core,1.1.500.v201104191926,"org.eclipse.wst.css.core",1350343649479
error,log,,,"Build errors for PWIModel",1350343820333
started,bundle,org.eclipse.jst.jsf.facelet.ui,1.0.1.v201104032306,"org.eclipse.jst.jsf.facelet.ui",1350343826732
started,bundle,org.eclipse.jst.jsf.facelet.core,1.0.100.v201104191527,"org.eclipse.jst.jsf.facelet.core",1350343826757
error,log,,,"Build errors for PWI",1350343826814
started,bundle,org.eclipse.ltk.core.refactoring,3.5.201.r371_v20110824-0800,"org.eclipse.ltk.core.refactoring",1350344342291
started,bundle,org.eclipse.wst.xml.ui,1.1.201.v201108151912,"org.eclipse.wst.xml.ui",1350344342569
started,bundle,org.eclipse.debug.ui,3.7.101.v20110817_r371,"org.eclipse.debug.ui",1350344343296
started,bundle,org.springframework.ide.eclipse.beans.ui.editor,2.6.0.201103160035-RELEASE,"org.springframework.ide.eclipse.beans.ui.editor",1350344343442
started,bundle,org.springframework.ide.eclipse.webflow.ui.editor,2.6.0.201103160035-RELEASE,"org.springframework.ide.eclipse.webflow.ui.editor",1350344343453
started,bundle,org.maven.ide.eclipse.editor.xml,0.12.1.20110112-1712,"org.maven.ide.eclipse.editor.xml",1350344343573
started,bundle,org.eclipse.wst.dtd.ui,1.0.600.v201103171359,"org.eclipse.wst.dtd.ui",1350344343990
started,bundle,org.eclipse.wst.xsl.ui,1.1.200.v201103082057,"org.eclipse.wst.xsl.ui",1350344344179
opened,editor,org.eclipse.wst.xml.ui,1.1.201.v201108151912,"org.eclipse.wst.xml.ui.internal.tabletree.XMLMultiPageEditorPart",1350344344253
activated,editor,org.eclipse.wst.xml.ui,1.1.201.v201108151912,"org.eclipse.wst.xml.ui.internal.tabletree.XMLMultiPageEditorPart",1350344344500
started,bundle,org.eclipse.core.variables,3.2.500.v20110511,"org.eclipse.core.variables",1350344345582
activated,view,org.eclipse.jdt.ui,3.7.1.r371_v20110824-0800,"org.eclipse.jdt.ui.PackageExplorer",1350344350054
closed,editor,org.eclipse.wst.xml.ui,1.1.201.v201108151912,"org.eclipse.wst.xml.ui.internal.tabletree.XMLMultiPageEditorPart",1350344350054
started,bundle,org.eclipse.jst.jsp.ui,1.1.601.v201108151912,"org.eclipse.jst.jsp.ui",1350344402154
started,bundle,org.eclipse.wst.jsdt.web.support.jsp,1.0.400.v201102241833,"org.eclipse.wst.jsdt.web.support.jsp",1350344402231
started,bundle,org.eclipse.wst.jsdt.web.ui,1.0.401.v201108152113,"org.eclipse.wst.jsdt.web.ui",1350344402250
